"","mu0_est","mu0_lower","mu0_upper","sigma0_est","sigma0_lower","sigma0_upper","alpha-gmst_est","alpha-gmst_lower","alpha-gmst_upper","shape_est","shape_lower","shape_upper","disp_est","disp_lower","disp_upper","event-magnitude_est","event-magnitude_lower","event-magnitude_upper","return-period_est","return-period_lower","return-period_upper","PR_est","PR_lower","PR_upper","dI-abs_est","dI-abs_lower","dI-abs_upper","dI-rel_est","dI-rel_lower","dI-rel_upper","aic_est","aic_lower","aic_upper"
"hdwi-from-vpdmax",4.90924413438685,4.70557819784175,5.13684714092754,0.811922426151718,0.663356892502623,0.951186310382638,1.81676996929332,1.25118518941465,2.42860495250177,0.0146223489150921,-0.218898151618685,0.15204767878689,0.122148117379041,0.101212408062934,0.139095030696375,11.5929088592529,11.5929088592529,11.5929088592529,342.692245609501,66.6194160248326,Inf,13.719153437911,3.33249671644479,Inf,2.36180096008132,1.60306220094255,3.1661042966068,25.585238368769,16.0469751860388,37.5718560301418,214.035039823114,178.626738629526,239.010139673076
