"","eval_disp_est","eval_disp_lower","eval_disp_upper","eval_shape_est","eval_shape_lower","eval_shape_upper","rp_value","attr_PR_est","attr_PR_lower","attr_PR_upper","attr_dI.rel_est","attr_dI.rel_lower","attr_dI.rel_upper","proj_PR_est","proj_PR_lower","proj_PR_upper","proj_dI.rel_est","proj_dI.rel_lower","proj_dI.rel_upper"
"CNRM-CM5_r1_HadREM3-GA7-05",0.32671,0.2509,0.39058,-0.33334,-1.01697,0.0145,161.869723341487,0.64797,0.08513,2.06448,-6.96642,-26.21179,13.17267,0.512886267470189,0.0251779704843688,1.03285512141212,-7.99678,-15.94786,0.43992
"EC-EARTH_r12_HadREM3-GA7-05",0.29166,0.23,0.42628,-0.39493,-1.03364,-0.25691,188.020199995316,7.49404,0.90686,Inf,18.42342,-0.54413,40.61957,1.90755965892833,1.29495098610518,3.38226341067442,6.98634,1.76897,12.7033
"HadGEM2-ES_r1_HadREM3-GA7-05",0.31958,0.2524,0.36834,-0.18103,-0.44427,-0.05228,180.10818818544,1.74529,0.32505,5.37714,7.34987,-5.56249,23.08045,1.07364103885507,0.78001294821494,1.52655441403209,1.11989,-3.59983,6.81411
"MPI-ESM-LR_r1_HadREM3-GA7-05",0.29715,0.24938,0.37872,0.03248,-0.60032,0.20627,169.794724832974,1.33996,0.40073,4.08082,5.5731,-8.8907,25.82864,0.776210694630951,0.290190684298653,1.19710301071407,-3.97957,-12.83156,3.00561
"NorESM1-M_r1_HadREM3-GA7-05",0.31063,0.24554,0.3451,-0.02997,-0.43075,0.13993,144.788381099855,1.09699,0.14927,5.66979,1.79687,-20.26136,35.39618,0.909553954740595,0.301088736872531,1.26476614473984,-1.69666,-8.94737,5.40455
