"","mu0_est","mu0_lower","mu0_upper","sigma0_est","sigma0_lower","sigma0_upper","alpha-gmst_est","alpha-gmst_lower","alpha-gmst_upper","disp_est","disp_lower","disp_upper","event-magnitude_est","event-magnitude_lower","event-magnitude_upper","return-period_est","return-period_lower","return-period_upper","PR-1_est","PR-1_lower","PR-1_upper","dI-abs-1_est","dI-abs-1_lower","dI-abs-1_upper","dI-rel-1_est","dI-rel-1_lower","dI-rel-1_upper"
"chirps",2467.11401870819,2381.34791138216,2599.49663873602,180.034874169525,137.374104705115,212.771690213117,-0.803302138433674,-209.458708580882,173.16440298119,0.0729738766851941,0.056096125124793,0.0851436224673155,2105.2341,2105.2341,2105.2341,44.6312189346984,15.2955999825776,426.812428745457,1.01093894387141,0.0700597426330535,18.9675543785802,-0.822727836461581,-213.134876540812,176.286873210418,-0.0390648450501103,-9.19331124020887,9.13903223693126
"era5land",2492.43952805048,2346.82752365534,2642.33398383536,405.925998109556,285.301260582177,509.753695704618,-227.111809106239,-551.008361515749,20.4082876322861,0.162862927481759,0.117939247567215,0.203365677417998,806.624527586003,806.624527586003,806.624527586003,28102.2770110383,936.390018143205,119894700.954937,2.62986959491206,0.885177355901799,9.05507118173104,-93.2025752458953,-233.834994874598,8.13933764202426,-10.3578315159181,-22.4742039240431,1.01934739286151
"mswep",2441.81633836874,2351.98758119233,2500.40484200237,172.107733981728,132.636809751767,207.669534538546,-210.591331856749,-295.575648174047,-26.4295408141128,0.0704834885725701,0.055048607286509,0.0848138581141767,2199.0713,2199.0713,2199.0713,2.65286562373222,1.94633660581673,5.60838156398175,8.06912208056155,1.3273547829558,24.9823912259552,-239.781104038204,-332.461574435179,-29.6844487664341,-9.83171854275312,-13.1328060235868,-1.33187899498193
