"","eval_disp_est","eval_disp_lower","eval_disp_upper","rp_value","attr_PR._est","attr_PR._lower","attr_PR._upper","attr_dI.rel._est","attr_dI.rel._lower","attr_dI.rel._upper","proj_PR._est","proj_PR._lower","proj_PR._upper","proj_dI.rel._est","proj_dI.rel._lower","proj_dI.rel._upper"
"CanESM2_r1i1p1_CRCM5",0.217918170558288,0.181623307079196,0.245379621531509,727.411150806092,1.77090631671119,0.902812770976231,3.74339920138621,1.84607540430023,0.913218785437363,3.644620552241,0.564682609443244,0.267136884473794,1.1076493733232,-1.84607540430023,-3.644620552241,-0.913218785437363
"HadGEM2-ES_r1i1p1_RegCM4-7",0.149724703805586,0.118344830928282,0.171691699293619,3413.59130724914,1.83207992486933,0.841768778580912,3.83120955172407,1.78788153753227,0.825376841771497,3.63645421734756,0.545827715497361,0.261014174896801,1.18797468550193,-1.78788153753227,-3.63645421734756,-0.825376841771497
"MPI-ESM-LR_r1i1p1_REMO2015",0.171529087067077,0.13044935039497,0.204834284647804,2299.26737267954,1.26994236278535,0.628001988044375,2.38407300574898,1.23416430043292,0.631335522691285,2.31192145244791,0.787437311569569,0.419450242332592,1.59235164702908,-1.23416430043292,-2.31192145244791,-0.631335522691285
