"","eval_disp_est","eval_disp_lower","eval_disp_upper","rp_value","attr_PR-_est","attr_PR-_lower","attr_PR-_upper","attr_dI-rel-_est","attr_dI-rel-_lower","attr_dI-rel-_upper","proj_PR-_est","proj_PR-_lower","proj_PR-_upper","proj_dI-rel-_est","proj_dI-rel-_lower","proj_dI-rel-_upper"
"pr ~ gmst (rp10)",0.171529087067077,0.13044935039497,0.204834284647804,2299.26737267954,1.26994236278535,0.628001988044375,2.38407300574898,1.23416430043292,0.631335522691285,2.31192145244791,0.787437311569569,0.419450242332592,1.59235164702908,-1.23416430043292,-2.31192145244791,-0.631335522691285
