"","eval_disp_est","eval_disp_lower","eval_disp_upper","rp_value","attr_PR-_est","attr_PR-_lower","attr_PR-_upper","attr_dI-rel-_est","attr_dI-rel-_lower","attr_dI-rel-_upper","proj_PR-_est","proj_PR-_lower","proj_PR-_upper","proj_dI-rel-_est","proj_dI-rel-_lower","proj_dI-rel-_upper"
"pr ~ gmst (rp10)",0.217918170558288,0.181623307079196,0.245379621531509,727.411150806092,1.77090631671119,0.902812770976231,3.74339920138621,1.84607540430023,0.913218785437363,3.644620552241,0.564682609443244,0.267136884473794,1.1076493733232,-1.84607540430023,-3.644620552241,-0.913218785437363
