"","eval_disp_est","eval_disp_lower","eval_disp_upper","rp_value","attr_PR-_est","attr_PR-_lower","attr_PR-_upper","attr_dI-rel-_est","attr_dI-rel-_lower","attr_dI-rel-_upper","proj_PR-_est","proj_PR-_lower","proj_PR-_upper","proj_dI-rel-_est","proj_dI-rel-_lower","proj_dI-rel-_upper"
"pr ~ gmst (rp10)",0.149724703805586,0.118344830928282,0.171691699293619,3413.59130724914,1.83207992486933,0.841768778580912,3.83120955172407,1.78788153753227,0.825376841771497,3.63645421734756,0.545827715497361,0.261014174896801,1.18797468550193,-1.78788153753227,-3.63645421734756,-0.825376841771497
